Book Name,Author Name,Published Date,Number of Pages,Description,Review,Genre Code
book1,Author1,2/4/1995,320,Story description of book 1,4.55,AC
Book2,Author2,11/9/2019,720,Description for book 2,3.45,FGH
Book3,Author3,5/1/1997,100,Description for 3,2,JM
capital name,capital author,18/02/2003,400,NOTHING TO CAPITALS HERE,3.75,BEN
book 5,author 5,13/07/2001,450,The is a detailed description of book 5,4.35,KN
lord of the rings: fellowship of the rings,jrr tolkein,29/07/1954,432,Frodo Baggins,4.7,AF
next book,books next author,4/11/2003,350,Next description,2,HIM
