User,Status,Book Name,Due Date
User: User1:,has a book due tomorrow:,Book name: book1, DueDate: 11/19/2024
User: User1:,has a book due tomorrow:,Book name: book1, DueDate: 11/19/2024
User: User1:,has a book due tomorrow:,Book name: book1, DueDate: 11/19/2024
User: User1:,has a book due tomorrow:,Book name: book1, DueDate: 11/19/2024
User: User1:,has a book due tomorrow:,Book name: book1, DueDate: 11/19/2024
User: User1:,has a book due tomorrow:,Book name: book1, DueDate: 11/19/2024
User: User1:,has a book due tomorrow:,Book name: book1, DueDate: 11/19/2024
User: User1:,has a book due tomorrow:,Book name: book1, DueDate: 11/19/2024
User: User1:,has a book due tomorrow:,Book name: book1, DueDate: 11/19/2024
