User,Status,Book Name,Due Date
User: User1:,has an overdue book:,Book name: book1, DueDate: 11/16/2024
User: User1:,has an overdue book:,Book name: book2, DueDate: 11/16/2024
User: User1:,has an overdue book:,Book name: book3, DueDate: 11/16/2024
User: User1:,has an overdue book:,Book name: book2, DueDate: 11/16/2024
User: User1:,has an overdue book:,Book name: book3, DueDate: 11/16/2024
User: User1:,has an overdue book:,Book name: book2, DueDate: 11/16/2024
User: User1:,has an overdue book:,Book name: book3, DueDate: 11/16/2024
User: User1:,has an overdue book:,Book name: book2, DueDate: 11/16/2024
User: User1:,has an overdue book:,Book name: book3, DueDate: 11/16/2024
User: User1:,has an overdue book:,Book name: book2, DueDate: 11/16/2024
User: User1:,has an overdue book:,Book name: book3, DueDate: 11/16/2024
User: User1:,has an overdue book:,Book name: book2, DueDate: 11/16/2024
User: User1:,has an overdue book:,Book name: book3, DueDate: 11/16/2024
User: User1:,has an overdue book:,Book name: book2, DueDate: 11/16/2024
User: User1:,has an overdue book:,Book name: book3, DueDate: 11/16/2024
User: User1:,has an overdue book:,Book name: book2, DueDate: 11/16/2024
User: User1:,has an overdue book:,Book name: book2, DueDate: 11/16/2024
User: User1:,has an overdue book:,Book name: book3, DueDate: 12/2/2024
User: User1:,has an overdue book:,Book name: capital name, DueDate: 12/2/2024
User: User1:,has an overdue book:,Book name: lord of the rings: fellowship of the rings, DueDate: 12/2/2024
User: User1:,has an overdue book:,Book name: the batman (upd), DueDate: 12/2/2024
User: User1:,has an overdue book:,Book name: book3, DueDate: 12/2/2024
User: User1:,has an overdue book:,Book name: lord of the rings: fellowship of the rings, DueDate: 12/2/2024
User: User1:,has an overdue book:,Book name: the batman (upd), DueDate: 12/2/2024
User: User1:,has an overdue book:,Book name: book3, DueDate: 12/2/2024
User: User1:,has an overdue book:,Book name: the batman (upd), DueDate: 12/2/2024
User: User1:,has an overdue book:,Book name: book3, DueDate: 12/2/2024
User: User1:,has an overdue book:,Book name: lord of the rings: fellowship of the rings, DueDate: 4/12/2024
