User,Action,BookName,Date
User: Account2:,Pre ordered the book:,superman,On 20/11/2024 9:48:22 am
User: Account2:,Pre ordered the book:,superman,On 20/11/2024 9:48:22 am
User: Account2:,Pre ordered the book:,superman,On 20/11/2024 9:48:22 am
User: Account2:,Pre ordered the book:,superman,On 20/11/2024 9:48:22 am
User: Account2:,Pre ordered the book:,superman,On 20/11/2024 9:48:22 am
User: Account2:,Pre ordered the book:,superman,On 20/11/2024 9:48:22 am
User: Account2:,Pre ordered the book:,superman,On 20/11/2024 9:48:22 am
User: Account2:,Pre ordered the book:,superman,On 20/11/2024 9:48:22 am
User: Account2:,Pre ordered the book:,superman,On 20/11/2024 9:48:22 am
User: Account2:,Pre ordered the book:,superman,On 20/11/2024 9:48:22 am
User: Account2:,Pre ordered the book:,superman,On 20/11/2024 9:48:22 am
User: Account2:,Pre ordered the book:,superman,On 20/11/2024 9:48:22 am
User: AdminMade:,Pre ordered the book:,superman,On 20/11/2024 9:51:11 am
User: Admin:,Pre ordered the book:,book3,On 20/11/2024 11:06:47 am
User: Admin:,Pre ordered the book:,book1,On 20/11/2024 11:13:37 am
User: Account2:,Pre ordered the book:,book1,On 20/11/2024 11:15:53 am
User: Admin:,Pre ordered the book:,lord of the rings: fellowship of the rings,On 20/11/2024 12:07:03 pm
User: Admin:,Pre ordered the book:,lord of the rings: fellowship of the rings,On 20/11/2024 12:07:06 pm
User: Test:,Pre ordered the book:,the batman (upd),On 20/11/2024 12:08:30 pm
User: Tester:,Pre ordered the book:,testing placeholder image,On 20/11/2024 12:10:54 pm
User: Account2,Pre-ordered the book,superman,On 11/21/2024 8:52:22 AM
User: User1,Pre-ordered the book,the batman (upd),On 11/21/2024 9:31:24 AM
User: Account2,Pre-ordered the book,the batman (upd),On 11/21/2024 9:31:38 AM
User: User1,Pre-ordered the book,book2,On 11/21/2024 10:44:56 AM
User: Account2,Pre-ordered the book,book2,On 11/21/2024 10:45:41 AM
User: User1,Pre-ordered the book,harry potter and the sorcerer's stone,On 11/22/2024 9:01:10 AM
User: U$er35,Pre-ordered the book,harry potter and the sorcerer's stone,On 11/22/2024 9:12:00 AM
User: Admin,Pre-ordered the book,the hobbit,On 11/22/2024 10:56:18 AM
User: Admin,Pre-ordered the book,lord of the rings: fellowship of the rings,On 11/22/2024 10:56:26 AM
User: U$er35,Pre-ordered the book,the hobbit,On 11/22/2024 11:00:23 AM
