User,Action,Book name,Date
User1:,Returned the book:,the batman (upd),On the 11/18/2024 10:02:37 AM
User: Admin:,Returned the book:,next book,On the 11/18/2024 11:10:46 AM
User: User1:,Returned the book:,book3,On the 11/18/2024 11:29:30 AM
User: User1:,Returned the book:,book2,On the 11/18/2024 11:31:59 AM
User: User1:,Returned the book:,book1,On the 11/18/2024 11:32:09 AM
User: Admin:,Returned the book:,the hobbit,On the 11/18/2024 11:40:05 AM
User: User1:,Returned the book:,the hobbit,On the 11/18/2024 11:40:32 AM
User: Admin:,Returned the book:,changed 9.2,On the 11/18/2024 11:58:55 AM
User: Account2:,Returned the book:,changed 9.2,On the 11/18/2024 11:59:31 AM
User: User1:,Returned the book:,capital name,On the 19/11/2024 9:01:26 am
User: User1:,Returned the book:,lord of the rings: fellowship of the rings,On the 19/11/2024 9:01:36 am
User: User1:,Returned the book:,the batman (upd),On the 19/11/2024 9:01:53 am
User: User1:,Returned the book:,book3,On the 19/11/2024 9:01:59 am
User: User1:,Returned the book:,the hobbit,On the 20/11/2024 11:01:56 am
User: User1:,Returned the book:,the hobbit,On the 20/11/2024 11:02:43 am
User: User1:,Returned the book:,book3,On the 20/11/2024 11:06:29 am
User: User1:,Returned the book:,book1,On the 20/11/2024 11:16:18 am
User: Tester:,Returned the book:,testing placeholder image,On the 20/11/2024 12:10:53 pm
User: User1:,Returned the book:,book3,On the 20/11/2024 12:30:42 pm
User: User1:,Returned the book:,lord of the rings: fellowship of the rings,On the 11/21/2024 9:04:01 AM
User: User1:,Returned the book:,book1,On the 11/21/2024 9:50:19 AM
User: User1:,Returned the book:,book2,On the 11/21/2024 9:50:25 AM
User: User1:,Returned the book:,book3,On the 11/21/2024 9:50:30 AM
User: Admin:,Returned the book:,book2,On the 11/21/2024 10:32:09 AM
User: Admin:,Returned the book:,book2,On the 11/21/2024 10:34:55 AM
User: Admin:,Returned the book:,book2,On the 11/21/2024 10:46:20 AM
User: Admin:,Returned the book:,harry potter and the sorcerer's stone,On the 11/22/2024 9:15:02 AM
User: U$er35:,Returned the book:,book 5,On the 11/22/2024 11:00:13 AM
User: U$er35:,Returned the book:,the hobbit,On the 11/22/2024 11:00:20 AM
