Book Name,Author Name,Published Date,n,Description,Review,Genre Code,In Stock,Current Owner,Return Date,Image code
book1,Author1,4/2/1995,320,Story description of book 1,4.55,AC,1,none,none,https://i.ibb.co/HVJ59QM/Placeholder-book-cover.jpg
book2,Author2,9/11/2019,720,Description for book 2,3.45,FGH,1,none,none,https://i.ibb.co/HVJ59QM/Placeholder-book-cover.jpg
book3,Author3,1/5/1997,100,Description for 3,2,JM,1,none,none,https://i.ibb.co/HVJ59QM/Placeholder-book-cover.jpg
capital name,capital author,2/18/2003,400,NOTHING TO CAPITALS HERE,3.75,BEN,1,none,none,https://i.ibb.co/HVJ59QM/Placeholder-book-cover.jpg
book 5,author 5,7/13/2001,450,The is a detailed description of book 5,4.35,KN,1,none,none,https://i.ibb.co/HVJ59QM/Placeholder-book-cover.jpg
lord of the rings: fellowship of the rings,jrr tolkein,7/29/1954,432,Frodo Baggins,4.7,AF,1,none,none,https://i.ibb.co/2s2w4Sb/71-Ep7-UNe-Tt-L-AC-UF1000-1000-QL80.jpg
next book,books next author,11/4/2003,350,Next description,2,HIM,0,Admin,12/6/2024,https://i.ibb.co/HVJ59QM/Placeholder-book-cover.jpg
the batman (upd),ben amai,10/31/1996,450,The updated batman comic,4.9,DGLM,1,none,none,https://i.ibb.co/s2FW3Vt/81ox-I3fwvl-L-AC-UF1000-1000-QL80.jpg
testing4,authro4,8/12/2006,400,description of 4,4.8,HIM,1, none,none,https://i.ibb.co/HVJ59QM/Placeholder-book-cover.jpg
liambook,testingauthor,11/3/2005,200,Testing description for liam,3.89,BKN,1, none,none,https://i.ibb.co/HVJ59QM/Placeholder-book-cover.jpg
superman,superman author,6/12/1999,420,The origin of superman,4.75,AG,0,User1,11/29/2024, https://i.ibb.co/HVJ59QM/Placeholder-book-cover.jpg
testing placeholder image,ben amai,12/4/2002,400,Testing to see if the image placeholder works,2,CI,1,none,nome, https://i.ibb.co/HVJ59QM/Placeholder-book-cover.jpg
the hobbit, jrr tolkein,9/21/1937,312,The home loving Bilbo Baggins,4.3,EF,0,Admin,12/5/2024, https://i.ibb.co/cXByd4g/x293.jpg
testing the add,add author,3/9/1950,200,try this out,1.15,O,1,none,nome, https://i.ibb.co/HVJ59QM/Placeholder-book-cover.jpg
