Username,Password,Date of Birth,Phone Number,Admin
User1,Password1,4/24/1997,112234,N
Account2,Password2,1/5/1985,345621,N
NotAdmin,NotA,7/30/2006,35760, N
Admin,AD123,3/28/2001,123456, Y
Test,test,1/1/1999,34567, N
ModifiedUser,ModiPass,11/25/1997,344577817,Y
AdminMade,ADM3,12/4/1997,2345678, N
UserAdmin,UAD,10/10/1997,1234567, Y
AdminMade,ADmade,10/10/1989,1.23E+11, Y
UserAD4,USAD40,12/22/2005,12342, Y
U$er35,Pa$$Code,5/14/1997,114455221, N
AdminUserTest,ADminsPasscoDe,7/22/1999,56677431, Y
New Account 1122,Password,9/24/2004,4443611, N
Benjamai1134,BenJC0de,3/11/2004,44335571, N
