Book Name,Author Name,Published Date,Page number,Description,Review,Genre Code,In Stock,Current Owner,Return Date,Image code
harry potter and the prisoner of azkaban,jk rowling,07/08/1999,318,As Harry starts his third year at Hogwarts he and his friends Ron and Hermione must investigate the killer Serius Black who escaped Azkaban presumibly to fnd and kill harry,4.75,EFMO,0,Admin,12/13/2024,https://i.ibb.co/N30bSCF/download.jpg
book2,Author2,9/11/2019,720,Description for book 2,3.45,FGH,1,none,none,https://i.ibb.co/HVJ59QM/Placeholder-book-cover.jpg
harry potter and the sorcerer's stone,jk rowlings,6/26/1997,320,Harry potter the boy who lived starts his first year at Hogwarts school of witch craft and wizardly,4.7,EFO,0,User1,12/6/2024,https://i.ibb.co/wKc3Q2D/Harry-20-Potter-20and-20the-20-Philosopher-s-20-Stone.webp
harry potter and the order of the pheonix,jk rowlings,6/21/2003,766,Harry Potter and the Order of the Phoenix is a fantasy novel by J.K. Rowling that follows Harry Potter's fifth year at Hogwarts School of Witchcraft and Wizardry. The story is about Harry's struggles against the return of Lord Voldemort an obstructive Ministry of Magic and the challenges of his O.W.L. exams,4.7,FO,0,Admin,12/13/2024,https://i.ibb.co/jLPv5Jv/51190vn-HUh-L-AC.jpg
book 5,author 5,7/13/2001,450,The is a detailed description of book 5,4.35,KN,0,U$er35,12/6/2024,https://i.ibb.co/HVJ59QM/Placeholder-book-cover.jpg
lord of the rings: fellowship of the rings,jrr tolkein,7/29/1954,432,Frodo Baggins,4.7,AF,1,none,none,https://i.ibb.co/2s2w4Sb/71-Ep7-UNe-Tt-L-AC-UF1000-1000-QL80.jpg
next book,books next author,11/4/2003,350,Next description,2,HIM,1,none,none,https://i.ibb.co/HVJ59QM/Placeholder-book-cover.jpg
the batman (upd),ben amai,10/31/1996,450,The updated batman comic,4.9,DGLM,0,Admin,12/12/2024,https://i.ibb.co/s2FW3Vt/81ox-I3fwvl-L-AC-UF1000-1000-QL80.jpg
testing4,authro4,8/12/2006,400,description of 4,4.8,HIM,1, none,none,https://i.ibb.co/HVJ59QM/Placeholder-book-cover.jpg
superman,superman author,6/12/1999,420,The origin of superman,4.75,AG,0,Test,4/12/2024, https://i.ibb.co/HVJ59QM/Placeholder-book-cover.jpg
the hobbit, jrr tolkein,9/21/1937,312,The home loving Bilbo Baggins,4.3,EF,1,none,none, https://i.ibb.co/cXByd4g/x293.jpg
testing the add,add author,3/9/1950,200,try this out,1.15,O,1,none,none, https://i.ibb.co/HVJ59QM/Placeholder-book-cover.jpg
changed 9.2,2nd ninth,9/9/1992,920,changing the 9th book for the second time,2.92,L,1,none,none,https://i.ibb.co/HVJ59QM/Placeholder-book-cover.jpg
lotr the 2 towers,jrr tolkein,11/11/1954,352,The Two Towers begins where The Fellowship of the Ring left off after Sam and Frodo depart from the rest of the Fellowship to take the Ring to Mordor. Aragorn while searching for Frodo finds Boromir dying in the wake of a battle with a number of orcs.,4.5,F,0,Admin,12/13/2024, https://i.ibb.co/NyxfyDg/The-Two-Towers-cover.gif
lord of the rings return of the king,jrr tolkein,10/20/1955,416,The Dark Lord has risen and as he unleashes hordes of Orcs to conquer all Middle-earth Frodo and Sam struggle deep into his realm in Mordor. To defeat Sauron the One Ring must be destroyed in the fires of Mount Doom. But the way is impossibly hard and Frodo is weakening.,4.6,FH,0,Admin,12/13/2024, https://i.ibb.co/YQB41f7/the-return-of-the-king-the-lord-of-the-rings-book-3-1.jpg
